,YearsExperience,Salary
YearsExperience,1.0,0.9782416184887598
Salary,0.9782416184887598,1.0
